{
    "elapsed_time": 638.3282979609994,
    "num_requests": 200,
    "total_num_tokens": 146805,
    "requests_per_second": 0.31331839844615444,
    "tokens_per_second": 229.9835374194385
}