{
    "elapsed_time": 502.6907218439992,
    "num_requests": 200,
    "total_num_tokens": 146805,
    "requests_per_second": 0.3978589444944367,
    "tokens_per_second": 292.0384117325289
}