{
    "elapsed_time": 721.7994779089986,
    "num_requests": 200,
    "total_num_tokens": 146805,
    "requests_per_second": 0.2770852655357769,
    "tokens_per_second": 203.38751203489863
}