{
    "elapsed_time": 573.4174093670008,
    "num_requests": 100,
    "total_num_tokens": 75285,
    "requests_per_second": 0.17439303091685104,
    "tokens_per_second": 131.2917933257513
}