{
    "elapsed_time": 464.71097393700256,
    "num_requests": 200,
    "total_num_tokens": 146805,
    "requests_per_second": 0.43037503139986644,
    "tokens_per_second": 315.906032423287
}