{
    "elapsed_time": 746.2110970310023,
    "num_requests": 100,
    "total_num_tokens": 75285,
    "requests_per_second": 0.13401033621434522,
    "tokens_per_second": 100.8896816189698
}