{
    "elapsed_time": 886.8526372269989,
    "num_requests": 200,
    "total_num_tokens": 146805,
    "requests_per_second": 0.2255166096425645,
    "tokens_per_second": 165.5348293928834
}