{
    "elapsed_time": 1084.3601952080007,
    "num_requests": 200,
    "total_num_tokens": 146805,
    "requests_per_second": 0.18444055848217136,
    "tokens_per_second": 135.3839809398758
}