{
    "elapsed_time": 509.0738683320001,
    "num_requests": 200,
    "total_num_tokens": 148857,
    "requests_per_second": 0.39287029337276264,
    "tokens_per_second": 292.4074663029466
}