{
    "elapsed_time": 422.3444380089968,
    "num_requests": 100,
    "total_num_tokens": 76062,
    "requests_per_second": 0.23677356915463818,
    "tokens_per_second": 180.0947121704009
}