{
    "elapsed_time": 322.171811016,
    "num_requests": 200,
    "total_num_tokens": 145877,
    "requests_per_second": 0.620786776376495,
    "tokens_per_second": 452.7925628873698
}