{
    "elapsed_time": 308.955628978998,
    "num_requests": 100,
    "total_num_tokens": 74504,
    "requests_per_second": 0.32367107319089417,
    "tokens_per_second": 241.1478963701438
}