{
    "elapsed_time": 260.26568330699956,
    "num_requests": 100,
    "total_num_tokens": 74946,
    "requests_per_second": 0.38422276317559617,
    "tokens_per_second": 287.95959208958226
}