{
    "elapsed_time": 405.08143226500033,
    "num_requests": 100,
    "total_num_tokens": 74946,
    "requests_per_second": 0.24686394397504988,
    "tokens_per_second": 185.01465145154089
}