{
    "elapsed_time": 333.59849170300004,
    "num_requests": 200,
    "total_num_tokens": 147036,
    "requests_per_second": 0.5995230943012126,
    "tokens_per_second": 440.75738846836555
}