{
    "elapsed_time": 1923.4690410719995,
    "num_requests": 200,
    "total_num_tokens": 147036,
    "requests_per_second": 0.10397879858182421,
    "tokens_per_second": 76.44313314138553
}