{
    "elapsed_time": 769.1666062429999,
    "num_requests": 200,
    "total_num_tokens": 146805,
    "requests_per_second": 0.260021688898978,
    "tokens_per_second": 190.86242019407229
}