{
    "elapsed_time": 395.26841144900027,
    "num_requests": 200,
    "total_num_tokens": 146805,
    "requests_per_second": 0.5059852854591319,
    "tokens_per_second": 371.4058491591393
}