{
    "elapsed_time": 874.8529941339984,
    "num_requests": 100,
    "total_num_tokens": 75285,
    "requests_per_second": 0.11430491827828541,
    "tokens_per_second": 86.05445772580717
}