{
    "elapsed_time": 534.4193308840004,
    "num_requests": 200,
    "total_num_tokens": 146805,
    "requests_per_second": 0.3742379596733028,
    "tokens_per_second": 274.7000183491961
}