{
    "elapsed_time": 733.5017090729998,
    "num_requests": 200,
    "total_num_tokens": 146805,
    "requests_per_second": 0.2726646680247824,
    "tokens_per_second": 200.1426829468909
}