{
    "elapsed_time": 639.3201232059982,
    "num_requests": 100,
    "total_num_tokens": 75285,
    "requests_per_second": 0.15641616206061223,
    "tokens_per_second": 117.75790760733192
}