{
    "elapsed_time": 577.3050836349939,
    "num_requests": 100,
    "total_num_tokens": 75285,
    "requests_per_second": 0.1732186374842766,
    "tokens_per_second": 130.40765123003763
}