{
    "elapsed_time": 644.1538858940003,
    "num_requests": 200,
    "total_num_tokens": 146805,
    "requests_per_second": 0.3104848148551126,
    "tokens_per_second": 227.90361622402403
}