{
    "elapsed_time": 1109.9732099440007,
    "num_requests": 200,
    "total_num_tokens": 146805,
    "requests_per_second": 0.18018452896722634,
    "tokens_per_second": 132.2599488751683
}