{
    "elapsed_time": 879.0596038709991,
    "num_requests": 200,
    "total_num_tokens": 146805,
    "requests_per_second": 0.22751585799106944,
    "tokens_per_second": 167.00232766189475
}