{
    "elapsed_time": 310.4935437940003,
    "num_requests": 100,
    "total_num_tokens": 76062,
    "requests_per_second": 0.3220678883627477,
    "tokens_per_second": 244.97127724647316
}