{
    "elapsed_time": 550.0459713920009,
    "num_requests": 100,
    "total_num_tokens": 76062,
    "requests_per_second": 0.18180298593393945,
    "tokens_per_second": 138.28298716107304
}