{
    "elapsed_time": 504.69023761399876,
    "num_requests": 200,
    "total_num_tokens": 148857,
    "requests_per_second": 0.39628268013570256,
    "tokens_per_second": 294.9472545848014
}