{
    "elapsed_time": 876.911706677,
    "num_requests": 200,
    "total_num_tokens": 148857,
    "requests_per_second": 0.22807313265081958,
    "tokens_per_second": 169.75141153501525
}