{
    "elapsed_time": 244.51837097500174,
    "num_requests": 200,
    "total_num_tokens": 145877,
    "requests_per_second": 0.8179344529513773,
    "tokens_per_second": 596.5891209659404
}