{
    "elapsed_time": 380.55349342600005,
    "num_requests": 200,
    "total_num_tokens": 145877,
    "requests_per_second": 0.5255502930730307,
    "tokens_per_second": 383.3285005130725
}