{
    "elapsed_time": 311.826995067001,
    "num_requests": 100,
    "total_num_tokens": 74504,
    "requests_per_second": 0.3206906444341466,
    "tokens_per_second": 238.92735772921657
}