{
    "elapsed_time": 1886.751298176,
    "num_requests": 200,
    "total_num_tokens": 147036,
    "requests_per_second": 0.10600231211890418,
    "tokens_per_second": 77.93077982357597
}