{
    "elapsed_time": 404.31172934999995,
    "num_requests": 100,
    "total_num_tokens": 74946,
    "requests_per_second": 0.24733390782594175,
    "tokens_per_second": 185.3668705592303
}