{
    "elapsed_time": 1055.754198749999,
    "num_requests": 100,
    "total_num_tokens": 74946,
    "requests_per_second": 0.09471901709545542,
    "tokens_per_second": 70.98811455236003
}