{
    "elapsed_time": 247.62527259899798,
    "num_requests": 200,
    "total_num_tokens": 147036,
    "requests_per_second": 0.8076720033495051,
    "tokens_per_second": 593.7843034224891
}