{
    "elapsed_time": 341.2666312900001,
    "num_requests": 200,
    "total_num_tokens": 147036,
    "requests_per_second": 0.5860520240258851,
    "tokens_per_second": 430.8537270233502
}