{
    "elapsed_time": 899.6009820629988,
    "num_requests": 100,
    "total_num_tokens": 75285,
    "requests_per_second": 0.11116039443473733,
    "tokens_per_second": 83.68710295019198
}