{
    "elapsed_time": 421.75657659699937,
    "num_requests": 200,
    "total_num_tokens": 146805,
    "requests_per_second": 0.4742071875054738,
    "tokens_per_second": 348.0799308087054
}