{
    "elapsed_time": 594.5536415039987,
    "num_requests": 200,
    "total_num_tokens": 146278,
    "requests_per_second": 0.33638680522429343,
    "tokens_per_second": 246.02994547299596
}