{
    "elapsed_time": 374.65702054300345,
    "num_requests": 100,
    "total_num_tokens": 75027,
    "requests_per_second": 0.2669107864442698,
    "tokens_per_second": 200.2551557455423
}